image,result,label
00001.jpg,1.4446,0
00003.jpg,-1.87382,0
00005.jpg,-0.649322,1
00007.jpg,4.41272,1
00009.jpg,-2.61352,0
00011.jpg,1.69737,0
00013.jpg,0.245357,0
00015.jpg,5.37333,1
00017.jpg,-0.903931,1
00019.jpg,0.419072,0
00021.jpg,0.661396,0
00023.jpg,-2.07382,0
00025.jpg,-0.744063,1
00027.jpg,-2.52301,1
00029.jpg,0.366104,1
00031.jpg,-2.46595,1
00033.jpg,-1.78977,1
00035.jpg,-1.19367,1
00037.jpg,-0.212719,0
00039.jpg,-0.276296,1
00041.jpg,-2.66647,0
00043.jpg,-2.70275,0
00045.jpg,-2.74734,0
00047.jpg,0.213629,1
00049.jpg,-2.09513,0
00051.jpg,-1.14134,1
00053.jpg,-0.876407,1
00055.jpg,-1.33233,1
00057.jpg,-0.199238,1
00059.jpg,2.32499,1
00061.jpg,-0.403583,1
00063.jpg,0.241747,1
00065.jpg,-1.83352,0
00067.jpg,5.01646,0
00069.jpg,-2.27924,1
00071.jpg,-1.78836,1
00073.jpg,0.871576,1
00075.jpg,-1.71577,1
00077.jpg,-1.63953,1
00079.jpg,0.368199,0
00081.jpg,-0.323879,0
00083.jpg,0.684761,1
00085.jpg,-1.49259,1
00087.jpg,-0.20026,1
00089.jpg,5.28262,1
00091.jpg,-2.38644,1
00093.jpg,-1.279,0
00095.jpg,0.949169,0
00097.jpg,0.0870319,1
00099.jpg,-1.17596,0
00101.jpg,-2.32476,0
00103.jpg,-2.38901,0
00105.jpg,-1.86092,0
00107.jpg,4.72845,1
00109.jpg,0.986862,1
00111.jpg,6.80198,1
00113.jpg,2.17092,0
00115.jpg,-1.23002,1
00117.jpg,-0.911014,1
00119.jpg,0.892967,1
00121.jpg,-2.0512,0
00123.jpg,-1.68635,1
00125.jpg,-1.4775,0
00127.jpg,0.0538658,1
00129.jpg,0.304071,0
00131.jpg,-2.48563,1
00133.jpg,5.3559,1
00135.jpg,2.40837,1
00137.jpg,-0.745535,1
00139.jpg,-1.10891,1
00141.jpg,2.4766,1
00143.jpg,-0.735957,1
00145.jpg,8.78566,0
00147.jpg,-0.197673,1
00149.jpg,-0.738375,1
00151.jpg,-0.879547,1
00153.jpg,-0.0252472,1
00155.jpg,-0.664191,1
00157.jpg,-0.0538889,0
00159.jpg,2.78004,1
00161.jpg,-0.259393,1
00163.jpg,2.8721,0
00165.jpg,-2.1233,1
00167.jpg,2.1104,0
00169.jpg,-2.50179,1
00171.jpg,-2.19451,1
00173.jpg,-1.87031,1
00175.jpg,0.272974,1
00177.jpg,-1.63828,0
00179.jpg,-0.170892,1
00181.jpg,-1.29752,1
00183.jpg,0.384033,1
00185.jpg,-1.1218,0
00187.jpg,1.67967,1
00189.jpg,1.93605,1
00191.jpg,5.51153,1
00193.jpg,-2.07893,1
00195.jpg,3.53459,0
00197.jpg,0.209355,0
00199.jpg,1.15914,1
00201.jpg,-2.80457,1
00203.jpg,-2.80689,0
00205.jpg,-2.19193,0
00207.jpg,-0.928693,1
00209.jpg,-0.924947,1
00211.jpg,7.87863,1
00213.jpg,-1.61163,0
00215.jpg,-0.269202,1
00217.jpg,-2.21194,0
00219.jpg,-1.4971,0
00221.jpg,-0.395816,1
00223.jpg,-2.65948,1
00225.jpg,-0.193791,1
00227.jpg,-2.43576,1
00229.jpg,0.520211,1
00231.jpg,0.711107,1
00233.jpg,0.300897,0
00235.jpg,-2.45825,0
00237.jpg,2.6429,1
00239.jpg,6.67313,1
00241.jpg,-0.298426,0
00243.jpg,-0.548367,1
00245.jpg,-2.1524,0
00247.jpg,-0.633586,1
00249.jpg,-0.943928,0
00251.jpg,-0.417172,0
00253.jpg,-0.100558,1
00255.jpg,-2.30425,0
00257.jpg,-0.161549,0
00259.jpg,1.24757,0
00261.jpg,-1.65812,0
00263.jpg,1.76993,1
00265.jpg,-0.9803,0
00267.jpg,2.28049,0
00269.jpg,-1.01053,0
00271.jpg,1.94189,0
00273.jpg,0.810007,1
00275.jpg,-0.459429,1
00277.jpg,1.35411,0
00279.jpg,0.53169,1
00281.jpg,-2.40566,0
00283.jpg,-2.50744,1
00285.jpg,0.989433,1
00287.jpg,7.89047,1
00289.jpg,0.562414,1
00291.jpg,-1.99523,1
00293.jpg,0.667155,1
00295.jpg,6.32424,0
00297.jpg,-1.99811,1
00299.jpg,-1.981,1
00301.jpg,2.34366,1
00303.jpg,-1.35735,1
00305.jpg,0.715477,1
00307.jpg,-1.04254,1
00309.jpg,0.279012,1
00311.jpg,-1.13229,1
00313.jpg,-1.64865,1
00315.jpg,-1.06495,0
00317.jpg,2.59671,0
00319.jpg,-1.06412,1
00321.jpg,-0.827021,1
00323.jpg,6.51674,1
00325.jpg,3.6245,1
00327.jpg,-0.291224,1
00329.jpg,0.45637,1
00331.jpg,-2.18748,1
00333.jpg,-2.24403,1
00335.jpg,-1.41947,1
00337.jpg,0.641663,1
00339.jpg,-0.462168,1
00341.jpg,-0.0761548,1
00343.jpg,-0.815589,1
00345.jpg,-0.691954,0
00347.jpg,-2.38716,1
00349.jpg,-1.76423,0
00351.jpg,-2.49058,1
00353.jpg,0.427131,1
00355.jpg,-2.22505,1
00357.jpg,0.370007,1
00359.jpg,0.151942,1
00361.jpg,-2.31368,1
00363.jpg,0.867915,1
00365.jpg,1.6803,1
00367.jpg,-2.5497,0
00369.jpg,-2.5483,1
00371.jpg,5.13704,1
00373.jpg,-1.38912,0
00375.jpg,-1.60979,1
00377.jpg,-0.751626,1
00379.jpg,-1.53202,1
00381.jpg,-1.58773,1
00383.jpg,-0.109916,1
00385.jpg,4.52168,0
00387.jpg,4.60407,1
00389.jpg,-2.37416,1
00391.jpg,2.88451,0
00393.jpg,2.2533,0
00395.jpg,-1.52009,1
00397.jpg,2.44404,0
00399.jpg,-1.78714,1
00401.jpg,-0.254931,1
00403.jpg,-2.08383,1
00405.jpg,-0.031137,1
00407.jpg,-2.74186,0
00409.jpg,1.48973,1
00411.jpg,-1.60055,1
00413.jpg,0.0967535,0
00415.jpg,-2.03437,1
00417.jpg,4.41932,0
00419.jpg,-0.22887,0
00421.jpg,-1.5713,1
00423.jpg,1.14588,1
00425.jpg,2.78028,1
00427.jpg,1.72515,1
00429.jpg,2.62411,1
00431.jpg,-1.90692,1
00433.jpg,-2.14805,1
00435.jpg,-0.904064,1
00437.jpg,0.855165,0
00439.jpg,-1.88196,0
00441.jpg,-2.47143,0
00443.jpg,-1.74977,0
00445.jpg,-1.754,1
00447.jpg,-0.896535,1
00449.jpg,1.20767,1
00451.jpg,-1.03431,0
00453.jpg,2.30623,1
00455.jpg,-2.46982,0
00457.jpg,-2.01109,0
00459.jpg,-0.512866,1
00461.jpg,0.990193,0
00463.jpg,1.07921,1
00465.jpg,-1.58089,0
00467.jpg,-1.89606,0
00469.jpg,-1.84871,1
00471.jpg,3.7454,1
00473.jpg,1.28498,0
00475.jpg,-0.385669,1
00477.jpg,0.287001,0
00479.jpg,0.101687,1
00481.jpg,-0.521124,1
00483.jpg,3.83136,1
00485.jpg,-1.09224,1
00487.jpg,-0.471793,1
00489.jpg,-2.74138,1
00491.jpg,-1.9327,1
00493.jpg,-1.07396,1
00495.jpg,-0.334516,1
00497.jpg,2.56457,1
00499.jpg,0.293993,1
00501.jpg,-1.83853,1
00503.jpg,1.94487,0
00505.jpg,2.5337,1
00507.jpg,-1.60417,0
00509.jpg,0.343474,1
00511.jpg,0.575217,1
00513.jpg,-1.56268,0
00515.jpg,-2.0203,1
00517.jpg,-0.683191,1
00519.jpg,-2.13836,1
00521.jpg,2.91182,1
00523.jpg,6.91444,0
00525.jpg,-1.03068,1
00527.jpg,1.01454,1
00529.jpg,-2.16011,0
00531.jpg,-2.12108,1
00533.jpg,-1.06267,1
00535.jpg,-1.2572,0
00537.jpg,-2.78873,1
00539.jpg,4.28439,1
00541.jpg,1.22056,1
00543.jpg,1.11123,1
00545.jpg,-0.427428,1
00547.jpg,0.0486811,0
00549.jpg,-2.50647,1
00551.jpg,-2.67705,1
00553.jpg,-2.18394,1
00555.jpg,-2.45811,1
00557.jpg,3.74973,1
00559.jpg,0.0409014,1
00561.jpg,-2.34391,1
00563.jpg,0.649414,1
00565.jpg,3.20653,0
00567.jpg,1.39157,0
00569.jpg,4.24922,0
00571.jpg,0.831052,1
00573.jpg,-2.16214,0
00575.jpg,-1.73067,0
00577.jpg,-2.66033,0
00579.jpg,1.75426,1
00581.jpg,1.1458,1
00583.jpg,-1.2218,1
00585.jpg,-0.60785,0
00587.jpg,0.235174,0
00589.jpg,-1.13549,1
00591.jpg,1.52193,1
00593.jpg,-0.467991,1
00595.jpg,1.33744,0
00597.jpg,-2.47358,0
00599.jpg,2.12519,1
00601.jpg,-2.15223,0
00603.jpg,-1.92643,1
00605.jpg,0.0969972,0
00607.jpg,-1.80839,0
00609.jpg,0.82745,1
00611.jpg,3.21363,1
00613.jpg,2.32773,1
00615.jpg,1.43066,1
00617.jpg,-2.22408,0
00619.jpg,-1.54329,1
00621.jpg,1.35413,1
00623.jpg,-1.70503,1
00625.jpg,-0.796534,1
00627.jpg,0.150041,0
00629.jpg,-2.07367,0
00631.jpg,-1.11892,1
00633.jpg,-1.78842,1
00635.jpg,-0.877958,1
00637.jpg,-1.49925,1
00639.jpg,0.0695083,1
00641.jpg,1.24358,0
00643.jpg,0.0790384,1
00645.jpg,-0.0108862,1
00647.jpg,-2.39812,1
00649.jpg,-1.11472,0
00651.jpg,-0.708118,1
00653.jpg,3.93102,0
00655.jpg,0.552257,1
00657.jpg,0.855695,1
00659.jpg,-1.61103,0
00661.jpg,0.516929,1
00663.jpg,-1.34987,1
00665.jpg,1.49008,1
00667.jpg,1.23796,1
00669.jpg,-0.0268343,0
00671.jpg,-0.212714,0
00673.jpg,-1.35023,1
00675.jpg,-1.30625,1
00677.jpg,-0.94278,1
00679.jpg,-2.56846,1
00681.jpg,-1.90021,1
00683.jpg,0.122703,0
00685.jpg,-0.708492,0
00687.jpg,-2.37262,1
00689.jpg,-2.1899,1
00691.jpg,-1.24536,0
00693.jpg,-1.84889,0
00695.jpg,0.460628,1
00697.jpg,-1.41406,0
00699.jpg,1.29716,0
00701.jpg,-1.45442,1
00703.jpg,0.459525,1
00705.jpg,0.385113,1
00707.jpg,1.42822,0
00709.jpg,-2.44716,0
00711.jpg,2.15238,1
00713.jpg,-1.24648,1
00715.jpg,-0.87079,1
00717.jpg,-0.869611,1
00719.jpg,-0.820405,0
00721.jpg,-1.67362,1
00723.jpg,-2.53267,1
00725.jpg,1.23553,1
00727.jpg,-0.137005,1
00729.jpg,-2.75649,1
00731.jpg,1.16446,1
00733.jpg,2.00649,1
00735.jpg,0.715723,1
00737.jpg,1.52652,1
00739.jpg,1.15094,0
00741.jpg,5.06531,0
00743.jpg,-1.05618,1
00745.jpg,-1.17258,0
00747.jpg,-0.833141,1
00749.jpg,1.38159,1
00751.jpg,-0.187954,1
00753.jpg,1.72347,1
00755.jpg,-2.193,1
00757.jpg,-1.85398,0
00759.jpg,-0.65699,1
00761.jpg,1.68125,1
00763.jpg,-2.0352,1
00765.jpg,1.61703,1
00767.jpg,-1.90737,1
00769.jpg,4.75641,1
00771.jpg,1.50985,1
00773.jpg,-1.38839,1
00775.jpg,0.827368,1
00777.jpg,-2.4532,0
00779.jpg,-1.37302,1
00781.jpg,-0.975193,0
00783.jpg,0.903403,0
00785.jpg,-0.387126,1
00787.jpg,2.8351,0
00789.jpg,3.1312,1
00791.jpg,2.01235,0
00793.jpg,-1.35904,0
00795.jpg,-0.534011,1
00797.jpg,-0.718606,1
00799.jpg,2.57112,1
00801.jpg,-1.31372,1
00803.jpg,5.72549,1
00805.jpg,1.66563,1
00807.jpg,-1.07067,1
00809.jpg,-1.53282,1
00811.jpg,-1.96558,0
00813.jpg,-0.794247,0
00815.jpg,1.97038,0
00817.jpg,-0.696344,0
00819.jpg,0.979506,0
00821.jpg,-1.02221,0
00823.jpg,3.14903,0
00825.jpg,-1.59281,1
00827.jpg,-0.409645,0
00829.jpg,0.403734,0
00831.jpg,4.15777,1
00833.jpg,-1.60148,1
00835.jpg,1.97045,1
00837.jpg,1.32256,1
00839.jpg,-1.92011,1
00841.jpg,-1.54407,0
00843.jpg,-0.211919,0
00845.jpg,-1.20236,0
00847.jpg,-1.98089,0
00849.jpg,-1.33559,1
00851.jpg,2.21873,1
00853.jpg,-0.793978,0
00855.jpg,-1.09779,0
00857.jpg,-2.3254,0
00859.jpg,-0.474451,1
00861.jpg,1.57585,0
00863.jpg,2.60746,0
00865.jpg,0.621378,0
00867.jpg,-2.10171,0
00869.jpg,-1.58656,1
00871.jpg,-1.61759,0
00873.jpg,1.55253,1
00875.jpg,-2.41157,1
00877.jpg,-0.336932,1
00879.jpg,2.6529,0
00881.jpg,-0.839852,1
00883.jpg,0.0371667,1
00885.jpg,1.02308,1
00887.jpg,-0.720323,1
00889.jpg,1.959,1
00891.jpg,-1.13763,1
00893.jpg,3.45124,1
00895.jpg,0.605632,1
00897.jpg,-1.16825,0
00899.jpg,-2.76464,1
00901.jpg,-1.73877,1
00903.jpg,2.29099,1
00905.jpg,-2.24902,1
00907.jpg,0.232486,1
00909.jpg,-2.53936,0
00911.jpg,-0.714138,0
00913.jpg,-1.73361,0
00915.jpg,0.61327,1
00917.jpg,2.87982,1
00919.jpg,0.537649,0
00921.jpg,1.62443,0
00923.jpg,-2.345,1
00925.jpg,-0.941144,0
00927.jpg,-0.556793,0
00929.jpg,-0.256176,1
00931.jpg,-2.08912,0
00933.jpg,1.45063,0
00935.jpg,-0.115284,1
00937.jpg,-0.569554,1
00939.jpg,-0.0800089,1
00941.jpg,-0.424256,1
00943.jpg,-0.842052,1
00945.jpg,-0.724191,1
00947.jpg,0.0633616,1
00949.jpg,2.57396,0
00951.jpg,2.52187,0
00953.jpg,-0.190619,1
00955.jpg,0.980301,1
00957.jpg,-1.56043,1
00959.jpg,1.20068,1
00961.jpg,-0.762446,1
00963.jpg,-2.0751,1
00965.jpg,-1.48753,0
00967.jpg,-0.707848,1
00969.jpg,2.53004,1
00971.jpg,-1.71583,1
00973.jpg,-0.708226,0
00975.jpg,-1.45236,1
00977.jpg,-2.38115,1
00979.jpg,5.47522,1
00981.jpg,-2.40757,1
00983.jpg,1.32795,1
00985.jpg,0.173853,1
00987.jpg,3.31056,1
00989.jpg,0.37197,1
00991.jpg,3.78302,1
00993.jpg,0.143377,1
00995.jpg,-2.67724,0
00997.jpg,1.41143,1
00999.jpg,-2.04843,1
01001.jpg,-1.82013,1
01003.jpg,-1.73416,0
01005.jpg,-2.74929,0
01007.jpg,0.708375,1
01009.jpg,1.68481,1
01011.jpg,-1.30847,1
01013.jpg,0.50668,1
01015.jpg,3.61518,1
01017.jpg,0.821956,1
01019.jpg,2.24551,1
01021.jpg,-1.24549,1
01023.jpg,-2.47381,1
01025.jpg,0.993744,1
01027.jpg,3.5485,1
01029.jpg,1.70373,1
01031.jpg,-1.13403,1
01033.jpg,0.388632,0
01035.jpg,-2.42604,1
01037.jpg,0.0305466,1
01039.jpg,3.07283,1
01041.jpg,-0.658195,1
01043.jpg,-2.81128,1
01045.jpg,-2.66192,0
01047.jpg,3.39033,0
01049.jpg,-2.62206,0
01051.jpg,-0.706784,1
01053.jpg,-1.35981,1
01055.jpg,-0.60513,1
01057.jpg,-2.55224,0
01059.jpg,2.47811,1
01061.jpg,3.05868,1
01063.jpg,2.80205,1
01065.jpg,3.65326,1
01067.jpg,-2.65776,1
01069.jpg,2.76605,1
01071.jpg,4.68109,0
01073.jpg,-2.30664,1
01075.jpg,-2.30743,0
01077.jpg,-2.08754,1
01079.jpg,4.37,1
01081.jpg,3.12502,1
01083.jpg,-2.14683,1
01085.jpg,2.08602,0
01087.jpg,-1.17404,0
01089.jpg,2.38453,1
01091.jpg,0.431839,1
01093.jpg,-1.41473,1
01095.jpg,-1.56125,1
01097.jpg,3.31463,1
01099.jpg,-1.52563,1
01101.jpg,1.50862,1
01103.jpg,2.41733,1
01105.jpg,-2.02044,1
01107.jpg,-1.56071,1
01109.jpg,2.14607,1
01111.jpg,-2.64894,1
01113.jpg,-1.26278,1
01115.jpg,-1.60047,1
01117.jpg,-0.914552,0
01119.jpg,-1.74299,1
01121.jpg,0.740206,0
01123.jpg,9.37862,0
01125.jpg,2.93059,0
01127.jpg,-0.616477,1
01129.jpg,1.12461,0
01131.jpg,8.74884,1
01133.jpg,0.105023,0
01135.jpg,0.929587,1
01137.jpg,9.72742,1
01139.jpg,-2.72663,0
01141.jpg,0.633803,1
01143.jpg,-1.11943,1
01145.jpg,2.65826,1
01147.jpg,-1.3791,0
01149.jpg,2.95044,1
01151.jpg,-0.651277,1
01153.jpg,-1.595,1
01155.jpg,5.09785,1
01157.jpg,-1.86477,0
01159.jpg,3.15688,0
01161.jpg,-1.64012,1
01163.jpg,1.22409,1
01165.jpg,-1.76879,1
01167.jpg,2.20115,1
01169.jpg,-1.16706,1
01171.jpg,2.26702,0
01173.jpg,-1.88775,0
01175.jpg,-1.75257,1
01177.jpg,-2.10856,1
01179.jpg,1.31764,1
01181.jpg,-2.07014,1
01183.jpg,6.41948,1
01185.jpg,7.4973,0
01187.jpg,-1.58587,1
01189.jpg,1.2031,1
01191.jpg,4.29165,1
01193.jpg,2.23508,1
01195.jpg,-1.09242,1
01197.jpg,-0.791311,0
01199.jpg,2.75855,1
01201.jpg,0.306964,0
01203.jpg,0.0595882,1
01205.jpg,-2.82549,1
01207.jpg,1.62038,1
01209.jpg,-1.01907,1
01211.jpg,0.959636,1
01213.jpg,-0.916525,1
01215.jpg,-0.120412,0
01217.jpg,-1.87697,1
01219.jpg,3.95922,1
01221.jpg,-1.3041,1
01223.jpg,1.39583,1
01225.jpg,-2.05791,1
01227.jpg,-1.75807,0
01229.jpg,-1.21557,1
01231.jpg,-1.42142,1
01233.jpg,2.46042,1
01235.jpg,1.60099,1
01237.jpg,3.06355,1
01239.jpg,-0.884633,1
01241.jpg,-2.1533,0
01243.jpg,-0.0610974,1
01245.jpg,-2.26658,0
01247.jpg,2.0139,1
01249.jpg,2.46876,1
01251.jpg,0.162574,1
01253.jpg,-1.52398,1
01255.jpg,-0.744046,1
01257.jpg,1.19894,1
01259.jpg,0.132657,1
01261.jpg,-2.29588,1
01263.jpg,-1.22031,1
01265.jpg,2.24295,1
01267.jpg,3.88213,1
01269.jpg,1.36246,1
01271.jpg,1.38979,0
01273.jpg,-2.03595,0
01275.jpg,0.251931,0
01277.jpg,-2.0254,0
01279.jpg,-1.33667,1
01281.jpg,-0.371599,1
01283.jpg,-1.78151,1
01285.jpg,0.924676,1
01287.jpg,-1.85189,1
01289.jpg,-0.708393,1
01291.jpg,-0.314787,1
01293.jpg,-2.39589,1
01295.jpg,3.6095,1
01297.jpg,-2.29765,0
01299.jpg,-2.58552,0
01301.jpg,-1.58229,1
01303.jpg,-0.187895,1
01305.jpg,-0.419329,1
01307.jpg,3.77816,1
01309.jpg,-0.747885,0
01311.jpg,-1.34453,1
01313.jpg,-0.895452,1
01315.jpg,2.00926,1
01317.jpg,0.816298,1
01319.jpg,-1.52153,1
01321.jpg,-2.5409,0
01323.jpg,-0.750573,1
01325.jpg,7.00987,1
01327.jpg,0.0837326,1
01329.jpg,1.45327,0
01331.jpg,2.18441,1
01333.jpg,3.10463,1
01335.jpg,3.20903,1
01337.jpg,-1.78639,1
01339.jpg,0.0858161,0
01341.jpg,-0.152512,1
01343.jpg,-2.57401,0
01345.jpg,-1.39667,0
01347.jpg,-2.44763,0
01349.jpg,0.721645,1
01351.jpg,-2.16196,1
01353.jpg,-0.800805,1
01355.jpg,-2.04355,1
01357.jpg,-0.509654,0
01359.jpg,4.27313,0
01361.jpg,-2.25106,0
01363.jpg,-0.982879,1
01365.jpg,0.866715,1
01367.jpg,-0.579544,0
01369.jpg,-0.831952,1
01371.jpg,3.06724,0
01373.jpg,1.77225,0
01375.jpg,-2.2395,1
01377.jpg,0.38787,1
01379.jpg,-0.334273,1
01381.jpg,-1.89447,1
01383.jpg,-2.56561,0
01385.jpg,-2.83621,0
01387.jpg,-2.04651,1
01389.jpg,-0.664097,0
01391.jpg,-1.07576,1
01393.jpg,1.9199,1
01395.jpg,-0.388293,1
01397.jpg,-1.0686,0
01399.jpg,1.75286,0
01401.jpg,0.482335,1
01403.jpg,1.15526,1
01405.jpg,-0.0719255,0
01407.jpg,3.83404,0
01409.jpg,1.08043,0
01411.jpg,2.85267,1
01413.jpg,-0.682598,1
01415.jpg,-1.16916,0
01417.jpg,0.035195,0
01419.jpg,0.967271,1
01421.jpg,0.322094,1
01423.jpg,2.29354,0
01425.jpg,0.18232,0
01427.jpg,0.515798,1
01429.jpg,5.68598,0
01431.jpg,-1.76824,1
01433.jpg,1.45231,1
01435.jpg,0.446878,0
01437.jpg,-1.31696,1
01439.jpg,0.37984,1
01441.jpg,1.10643,0
01443.jpg,4.59108,0
01445.jpg,-0.190577,1
01447.jpg,-0.609827,0
01449.jpg,2.33659,0
01451.jpg,-1.5164,1
01453.jpg,1.84009,1
01455.jpg,-0.360086,0
01457.jpg,0.0889321,0
01459.jpg,-1.47532,0
01461.jpg,2.32275,0
01463.jpg,2.72275,0
01465.jpg,5.11302,0
01467.jpg,1.74734,0
01469.jpg,1.61815,0
01471.jpg,-2.74004,0
01473.jpg,-2.75959,1
01475.jpg,-0.216989,1
01477.jpg,5.39614,1
01479.jpg,1.18542,0
01481.jpg,1.21876,0
01483.jpg,-1.15309,1
01485.jpg,-1.31813,0
01487.jpg,5.52532,1
01489.jpg,-1.99442,1
01491.jpg,7.11579,0
01493.jpg,2.55861,1
01495.jpg,3.2086,1
01497.jpg,-0.314647,1
01499.jpg,-1.10524,1
01501.jpg,-2.22678,0
01503.jpg,1.71681,1
01505.jpg,0.627013,0
01507.jpg,6.134,1
01509.jpg,-2.21091,1
01511.jpg,-1.13769,1
01513.jpg,-2.59437,0
01515.jpg,-2.32123,1
01517.jpg,-2.51761,0
01519.jpg,8.46308,1
01521.jpg,-0.707073,1
01523.jpg,1.01186,1
01525.jpg,2.34664,1
01527.jpg,-1.22128,1
01529.jpg,-0.119409,0
01531.jpg,-0.189631,1
01533.jpg,-1.18083,0
01535.jpg,-2.31453,0
01537.jpg,-0.558785,1
01539.jpg,-0.0349534,0
01541.jpg,-0.957462,0
01543.jpg,-0.0582506,1
01545.jpg,-1.29905,0
01547.jpg,2.54611,1
01549.jpg,-0.893404,1
01551.jpg,-1.31518,1
01553.jpg,3.75334,0
01555.jpg,-1.298,1
01557.jpg,2.57053,1
01559.jpg,1.60954,0
01561.jpg,-0.955769,0
01563.jpg,-1.7196,1
01565.jpg,-2.41249,1
01567.jpg,-2.56318,1
01569.jpg,0.94304,1
01571.jpg,0.981711,1
01573.jpg,6.46541,0
01575.jpg,-1.0024,0
01577.jpg,3.32087,0
01579.jpg,-2.31025,1
01581.jpg,-0.245651,1
01583.jpg,1.25935,0
01585.jpg,0.580958,0
01587.jpg,2.75811,0
01589.jpg,3.49971,1
01591.jpg,-0.769793,0
01593.jpg,-0.0682667,1
01595.jpg,-0.283722,0
01597.jpg,-1.79467,0
01599.jpg,2.16423,1
01601.jpg,6.10204,1
01603.jpg,-1.53143,1
01605.jpg,-0.0482614,0
01607.jpg,-1.56998,1
01609.jpg,4.69092,1
01611.jpg,1.35739,1
01613.jpg,0.346648,0
01615.jpg,2.53761,1
01617.jpg,2.00074,1
01619.jpg,-1.37375,1
01621.jpg,-2.81591,1
01623.jpg,0.674103,1
01625.jpg,-2.34745,1
01627.jpg,0.857443,1
01629.jpg,-2.18517,0
01631.jpg,-0.631513,1
01633.jpg,-0.208201,1
01635.jpg,-2.69417,1
01637.jpg,-0.0286764,1
01639.jpg,-0.893527,1
01641.jpg,-0.0573942,0
01643.jpg,-1.58083,1
01645.jpg,2.0526,1
01647.jpg,5.45342,1
01649.jpg,4.10389,0
01651.jpg,0.818761,1
01653.jpg,2.99777,0
01655.jpg,2.71045,1
01657.jpg,0.621509,1
01659.jpg,5.65978,0
01661.jpg,6.68305,1
01663.jpg,-2.57943,0
01665.jpg,-0.466186,0
01667.jpg,0.50488,0
01669.jpg,-2.57755,0
01671.jpg,-1.20487,0
01673.jpg,1.42535,1
01675.jpg,-1.7274,0
01677.jpg,1.23332,1
01679.jpg,-1.70996,0
01681.jpg,6.75069,1
01683.jpg,0.5824,1
01685.jpg,7.36188,0
01687.jpg,2.9936,1
01689.jpg,-2.27072,1
01691.jpg,2.33609,1
01693.jpg,-0.92619,0
01695.jpg,-1.67306,1
01697.jpg,3.48,1
01699.jpg,-2.68717,0
01701.jpg,3.68378,1
01703.jpg,0.175341,0
01705.jpg,-1.56794,1
01707.jpg,-1.0963,1
01709.jpg,0.766619,1
01711.jpg,-0.595231,1
01713.jpg,-0.614282,1
01715.jpg,2.368,1
01717.jpg,3.42297,1
01719.jpg,1.18905,0
01721.jpg,0.402118,1
01723.jpg,-1.66579,1
01725.jpg,1.78107,1
01727.jpg,6.55188,0
01729.jpg,-0.502459,0
01731.jpg,-0.814499,0
01733.jpg,0.195909,0
01735.jpg,-0.126354,1
01737.jpg,-1.84541,0
01739.jpg,-2.15877,0
01741.jpg,-1.26471,0
01743.jpg,0.0657012,1
01745.jpg,0.325929,0
01747.jpg,-2.2424,1
01749.jpg,0.759726,0
01751.jpg,-0.725978,1
01753.jpg,1.83981,1
01755.jpg,0.85239,0
01757.jpg,-1.53568,1
01759.jpg,0.0381126,0
01761.jpg,-1.07114,0
01763.jpg,-1.29352,0
01765.jpg,0.363366,0
01767.jpg,2.74315,1
01769.jpg,3.61714,1
01771.jpg,-0.821244,0
01773.jpg,0.890515,0
01775.jpg,-0.959825,1
01777.jpg,-2.64335,1
01779.jpg,7.83149,1
01781.jpg,-1.21138,1
01783.jpg,-2.00579,1
01785.jpg,1.55725,1
01787.jpg,0.76642,0
01789.jpg,0.581225,1
01791.jpg,-0.0931987,0
01793.jpg,0.75411,1
01795.jpg,0.619615,0
01797.jpg,-0.754079,1
01799.jpg,0.686585,1
01801.jpg,1.35775,1
01803.jpg,-1.81532,0
01805.jpg,4.08017,0
01807.jpg,2.14043,1
01809.jpg,-0.866381,1
01811.jpg,-2.35923,1
01813.jpg,-2.47717,0
01815.jpg,-0.918044,0
01817.jpg,0.0558613,1
01819.jpg,0.0397482,1
01821.jpg,-2.03016,1
01823.jpg,3.43844,1
01825.jpg,-0.273488,0
01827.jpg,0.655829,1
01829.jpg,4.78465,0
01831.jpg,3.65727,1
01833.jpg,2.14268,1
01835.jpg,-0.294759,1
01837.jpg,-1.44882,1
01839.jpg,-2.7543,1
01841.jpg,-1.48735,1
01843.jpg,-2.51297,0
01845.jpg,3.93601,0
01847.jpg,-1.45001,1
01849.jpg,-1.832,1
01851.jpg,-0.560435,0
01853.jpg,3.63942,1
01855.jpg,-1.02381,0
01857.jpg,-2.32581,0
01859.jpg,-0.401983,0
01861.jpg,-1.52549,0
01863.jpg,0.142143,1
01865.jpg,-0.24219,0
01867.jpg,6.28033,1
01869.jpg,-2.3922,1
01871.jpg,3.72076,1
01873.jpg,-2.23748,0
01875.jpg,-2.36448,0
01877.jpg,-1.82914,0
01879.jpg,3.59899,1
01881.jpg,3.56528,1
01883.jpg,-2.13073,1
01885.jpg,0.114383,0
01887.jpg,-1.94628,0
01889.jpg,-1.37585,0
01891.jpg,-1.94248,0
01893.jpg,-0.559642,0
01895.jpg,0.15659,1
01897.jpg,0.28783,1
01899.jpg,3.30285,1
01901.jpg,5.08485,1
01903.jpg,-2.65778,1
01905.jpg,-2.45608,1
01907.jpg,-2.51914,0
01909.jpg,2.34568,1
01911.jpg,4.54761,0
01913.jpg,1.40041,0
01915.jpg,-1.55352,0
01917.jpg,-0.512513,0
01919.jpg,-1.2293,1
01921.jpg,-0.854989,0
01923.jpg,-2.7947,0
01925.jpg,-0.510174,0
01927.jpg,-2.26719,0
01929.jpg,-1.84559,1
01931.jpg,-0.604793,1
01933.jpg,0.710163,0
01935.jpg,-1.51493,0
01937.jpg,-0.230978,0
01939.jpg,-1.9908,0
01941.jpg,6.87429,1
01943.jpg,-0.20388,1
01945.jpg,2.77587,0
01947.jpg,3.50134,1
01949.jpg,-0.240806,1
01951.jpg,-2.16611,1
01953.jpg,-0.936903,1
01955.jpg,-1.19154,1
01957.jpg,3.19958,1
01959.jpg,0.853646,1
01961.jpg,-0.527216,0
01963.jpg,-1.31823,0
01965.jpg,-0.314876,1
01967.jpg,-2.11618,1
01969.jpg,-1.72916,0
01971.jpg,2.19486,0
01973.jpg,2.08597,1
01975.jpg,1.25444,1
01977.jpg,1.31351,1
01979.jpg,-0.505471,1
01981.jpg,-1.70095,1
01983.jpg,1.22515,1
01985.jpg,-0.321136,0
01987.jpg,2.77534,1
01989.jpg,0.320543,1
01991.jpg,0.466681,0
01993.jpg,2.53092,1
01995.jpg,0.719791,1
01997.jpg,-2.378,0
01999.jpg,-1.50918,1
02001.jpg,0.674524,1
02003.jpg,-0.52457,1
02005.jpg,2.08915,1
02007.jpg,0.756204,1
02009.jpg,-0.793101,0
02011.jpg,-1.22059,0
02013.jpg,1.1241,1
02015.jpg,-0.12897,1
02017.jpg,2.46998,1
02019.jpg,4.14045,1
02021.jpg,-2.60338,0
02023.jpg,0.0658336,1
02025.jpg,2.35181,1
02027.jpg,-2.61848,0
02029.jpg,3.79762,1
02031.jpg,1.47817,1
02033.jpg,5.55851,1
02035.jpg,1.48946,1
02037.jpg,1.23012,1
02039.jpg,-0.766905,1
02041.jpg,1.5801,1
02043.jpg,2.21307,1
02045.jpg,-1.7158,0
02047.jpg,0.925152,1
02049.jpg,-0.575023,1
02051.jpg,2.25751,1
02053.jpg,-1.43301,0
02055.jpg,-1.69519,0
02057.jpg,1.4867,1
02059.jpg,1.0714,0
02061.jpg,-0.248247,0
02063.jpg,-1.01632,1
02065.jpg,0.220455,0
02067.jpg,3.67286,1
02069.jpg,-0.497658,1
02071.jpg,0.0962594,0
02073.jpg,-0.147117,0
02075.jpg,-0.448151,0
02077.jpg,2.44201,1
02079.jpg,-1.42814,0
02081.jpg,-2.06832,0
02083.jpg,-1.68495,0
02085.jpg,0.649905,1
02087.jpg,-0.0512327,0
02089.jpg,-1.36605,0
02091.jpg,1.47829,0
02093.jpg,4.29535,1
02095.jpg,-1.29411,0
02097.jpg,-1.62224,0
02099.jpg,-2.76861,0
02101.jpg,-0.956144,0
02103.jpg,2.00307,1
02105.jpg,-2.63864,0
02107.jpg,-2.82241,1
02109.jpg,4.21181,1
02111.jpg,5.01238,1
02113.jpg,1.598,1
02115.jpg,-1.58254,0
02117.jpg,-2.04348,1
02119.jpg,-2.21588,0
02121.jpg,-2.25866,1
02123.jpg,6.92506,1
02125.jpg,-1.34937,0
02127.jpg,-2.18826,0
02129.jpg,-0.996433,1
02131.jpg,4.13657,1
02133.jpg,-0.305165,0
02135.jpg,-1.70819,1
02137.jpg,-2.13893,1
02139.jpg,1.40877,1
02141.jpg,-1.09172,1
02143.jpg,2.74298,1
02145.jpg,-1.76065,0
02147.jpg,3.35169,0
02149.jpg,-1.64944,1
02151.jpg,0.501427,1
02153.jpg,-1.12633,0
02155.jpg,-2.15828,0
02157.jpg,-1.73957,0
02159.jpg,1.70559,1
02161.jpg,-2.22323,1
02163.jpg,-0.311369,0
02165.jpg,-1.50707,1
02167.jpg,-2.27154,0
02169.jpg,0.369101,1
02171.jpg,-1.40812,1
02173.jpg,-1.57304,1
02175.jpg,-1.43614,0
02177.jpg,-0.0542535,0
02179.jpg,-2.30749,1
02181.jpg,4.1728,0
02183.jpg,-0.673929,0
02185.jpg,-0.782478,0
02187.jpg,-1.81733,0
02189.jpg,-1.26748,0
02191.jpg,1.11996,0
02193.jpg,-1.82735,1
02195.jpg,-1.60441,1
02197.jpg,-2.01107,0
02199.jpg,-1.50634,1
02201.jpg,-1.08735,0
02203.jpg,-1.49517,0
02205.jpg,-2.54778,0
02207.jpg,-1.45292,0
02209.jpg,-1.21171,1
02211.jpg,-0.280076,1
02213.jpg,-2.45837,0
02215.jpg,-2.71462,0
02217.jpg,-1.68302,0
02219.jpg,2.54889,1
02221.jpg,1.02806,0
02223.jpg,0.497442,0
02225.jpg,-1.36019,0
02227.jpg,-2.18895,0
02229.jpg,3.91678,1
02231.jpg,0.636077,1
02233.jpg,3.07202,1
02235.jpg,-0.146927,0
02237.jpg,-0.853935,1
02239.jpg,2.34406,0
02241.jpg,0.331364,1
02243.jpg,-2.04858,1
02245.jpg,-0.280727,1
02247.jpg,0.609727,1
02249.jpg,6.60569,1
02251.jpg,2.61863,1
02253.jpg,-0.159387,1
02255.jpg,0.73683,0
02257.jpg,-1.23045,0
02259.jpg,-2.06086,1
02261.jpg,-1.63649,1
02263.jpg,-1.58392,0
02265.jpg,0.364308,1
02267.jpg,0.452097,1
02269.jpg,-2.35072,0
02271.jpg,1.01933,0
02273.jpg,-1.31478,0
02275.jpg,1.24209,0
02277.jpg,-1.46079,0
02279.jpg,-1.70613,0
02281.jpg,-2.43012,0
02283.jpg,-1.3514,0
02285.jpg,-0.628235,0
02287.jpg,0.298509,1
02289.jpg,7.85506,1
02291.jpg,3.58328,0
02293.jpg,-2.33939,0
02295.jpg,4.05415,0
02297.jpg,1.90876,1
02299.jpg,-0.328604,1
02301.jpg,-1.98135,1
02303.jpg,-2.70781,1
02305.jpg,0.418463,1
02307.jpg,-1.69486,1
02309.jpg,-1.59552,0
02311.jpg,-2.44694,0
02313.jpg,1.29624,1
02315.jpg,-0.0918744,1
02317.jpg,4.43235,0
02319.jpg,-2.11655,0
02321.jpg,3.72837,1
02323.jpg,0.576973,1
02325.jpg,0.0270568,1
02327.jpg,-0.347846,0
02329.jpg,-0.86455,1
02331.jpg,0.86324,0
02333.jpg,3.04779,0
02335.jpg,-1.48973,0
02337.jpg,-1.55917,0
02339.jpg,-1.51908,0
02341.jpg,-1.29562,0
02343.jpg,-2.36553,0
02345.jpg,1.40328,1
02347.jpg,-0.305254,1
02349.jpg,3.87721,1
02351.jpg,1.96033,0
02353.jpg,0.76941,0
02355.jpg,-0.994134,1
02357.jpg,-1.47339,0
02359.jpg,-0.780054,1
02361.jpg,-1.67076,0
02363.jpg,-1.9036,0
02365.jpg,0.0913583,1
02367.jpg,4.77933,0
02369.jpg,-1.29259,1
02371.jpg,-2.434,0
02373.jpg,-2.21177,0
02375.jpg,3.56286,1
02377.jpg,-2.67517,0
02379.jpg,-0.46275,0
02381.jpg,-2.4207,0
02383.jpg,2.28957,0
02385.jpg,-1.79806,0
02387.jpg,-1.31919,0
02389.jpg,-1.98084,1
02391.jpg,0.319656,1
02393.jpg,1.74267,1
02395.jpg,-1.85458,1
02397.jpg,3.21111,0
02399.jpg,2.47013,0
02401.jpg,-0.789934,0
02403.jpg,-0.432382,0
02405.jpg,-2.15848,0
02407.jpg,-0.523873,1
02409.jpg,4.07467,1
02411.jpg,2.74151,1
02413.jpg,-2.11398,1
02415.jpg,-1.03614,1
02417.jpg,-1.01375,0
02419.jpg,0.465357,1
02421.jpg,-1.16734,0
02423.jpg,-1.06077,1
02425.jpg,-1.08447,1
02427.jpg,-2.64068,0
02429.jpg,-0.0530412,1
02431.jpg,-2.36854,1
02433.jpg,-1.47987,1
02435.jpg,-1.75367,0
02437.jpg,2.73106,0
02439.jpg,3.03576,0
02441.jpg,-1.00003,1
02443.jpg,-0.259094,0
02445.jpg,-0.956959,0
02447.jpg,-0.717524,0
02449.jpg,-1.4655,0
02451.jpg,4.5811,1
02453.jpg,-1.74955,0
02455.jpg,-1.41852,0
02457.jpg,-2.40826,1
02459.jpg,0.233362,0
02461.jpg,1.04957,0
02463.jpg,-2.52031,0
02465.jpg,2.32408,1
02467.jpg,0.801819,1
02469.jpg,0.388664,1
02471.jpg,0.206154,1
02473.jpg,-0.448724,1
02475.jpg,1.51985,1
02477.jpg,2.05964,0
02479.jpg,3.13473,0
02481.jpg,1.01925,1
02483.jpg,-0.383593,0
02485.jpg,0.829172,1
02487.jpg,-2.68376,0
02489.jpg,-1.81776,0
02491.jpg,-1.97977,1
02493.jpg,-1.81486,0
02495.jpg,-0.600528,0
02497.jpg,-0.470396,0
02499.jpg,0.83493,0
02501.jpg,0.850741,1
02503.jpg,0.239685,1
02505.jpg,1.052,0
02507.jpg,-2.32082,1
02509.jpg,1.16729,1
02511.jpg,-1.19507,0
02513.jpg,-0.814579,0
02515.jpg,1.30715,0
02517.jpg,1.08776,0
02519.jpg,1.77821,1
02521.jpg,-0.597654,0
02523.jpg,0.333115,1
02525.jpg,-1.22875,1
02527.jpg,-2.56834,0
02529.jpg,-2.55263,1
02531.jpg,-0.103267,1
02533.jpg,-2.40211,1
02535.jpg,-2.11737,0
02537.jpg,0.185001,0
02539.jpg,-0.936444,1
02541.jpg,-1.23832,0
02543.jpg,-2.00613,1
02545.jpg,-0.823233,1
02547.jpg,0.511539,1
02549.jpg,0.945073,1
02551.jpg,-1.86332,1
02553.jpg,-0.36943,1
02555.jpg,-2.67645,0
02557.jpg,-1.59156,1
02559.jpg,-1.6313,1
02561.jpg,-2.02543,0
02563.jpg,-2.34177,0
02565.jpg,-2.52457,0
02567.jpg,4.10976,0
02569.jpg,-2.36203,0
02571.jpg,-2.32594,0
02573.jpg,-1.60903,0
02575.jpg,2.56988,1
02577.jpg,2.07192,0
02579.jpg,-1.5858,0
02581.jpg,-2.74239,1
02583.jpg,-1.40639,1
02585.jpg,-0.137896,1
02587.jpg,1.99688,1
02589.jpg,-1.5244,0
02591.jpg,-1.76925,1
02593.jpg,0.93643,0
02595.jpg,-1.81924,0
02597.jpg,3.15337,1
02599.jpg,1.95766,0
02601.jpg,-0.737597,0
02603.jpg,-2.3622,0
02605.jpg,-1.00864,1
02607.jpg,-0.867745,1
02609.jpg,-0.318007,1
02611.jpg,-1.50383,1
02613.jpg,5.59238,0
02615.jpg,0.865816,1
02617.jpg,-2.53052,0
02619.jpg,1.391,1
02621.jpg,2.2433,1
02623.jpg,-0.840075,0
02625.jpg,-1.80268,0
02627.jpg,0.651686,1
02629.jpg,-0.742232,0
02631.jpg,-0.520797,0
02633.jpg,-2.2382,0
02635.jpg,-1.60996,0
02637.jpg,-2.44453,0
02639.jpg,1.64379,0
02641.jpg,2.11026,1
02643.jpg,-1.26527,1
02645.jpg,-2.51639,1
02647.jpg,-2.80922,0
02649.jpg,2.48791,1
02651.jpg,-0.343467,1
02653.jpg,-1.98317,0
02655.jpg,-2.18779,0
02657.jpg,-2.21448,0
02659.jpg,-2.25412,1
02661.jpg,-2.08298,1
02663.jpg,2.91739,0
02665.jpg,-0.34481,1
02667.jpg,-0.854641,1
02669.jpg,0.0433948,1
02671.jpg,-2.63783,1
02673.jpg,-2.49207,1
02675.jpg,-1.05224,1
02677.jpg,-2.69466,0
02679.jpg,0.196847,1
02681.jpg,1.85411,1
02683.jpg,-1.64211,1
02685.jpg,-1.63067,0
02687.jpg,-1.91611,1
02689.jpg,-1.96624,1
02691.jpg,-0.0433885,0
02693.jpg,1.06851,0
02695.jpg,-1.54886,1
02697.jpg,0.998398,1
02699.jpg,-2.52927,1
02701.jpg,-1.30756,1
02703.jpg,-2.30863,0
02705.jpg,-2.17034,0
02707.jpg,-0.976276,0
02709.jpg,2.47309,0
02711.jpg,5.29227,0
02713.jpg,-2.50235,0
02715.jpg,0.390367,1
02717.jpg,-1.95406,1
02719.jpg,-1.4444,1
02721.jpg,3.24223,0
02723.jpg,-1.96098,0
02725.jpg,0.375075,1
02727.jpg,-0.343869,1
02729.jpg,2.80473,1
02731.jpg,1.56812,1
02733.jpg,3.00243,0
02735.jpg,2.57529,1
02737.jpg,-1.62064,1
02739.jpg,1.68232,1
02741.jpg,-2.22246,1
02743.jpg,-0.921862,0
02745.jpg,1.33421,1
02747.jpg,-1.67353,1
02749.jpg,1.82418,0
02751.jpg,5.90725,0
02753.jpg,3.65563,0
02755.jpg,2.21704,1
02757.jpg,-2.63981,1
02759.jpg,1.47109,1
02761.jpg,2.73016,1
02763.jpg,-1.79574,0
02765.jpg,0.0504438,1
02767.jpg,1.05698,1
02769.jpg,-1.44137,1
02771.jpg,0.854398,1
02773.jpg,0.202274,1
02775.jpg,-1.06753,0
02777.jpg,2.18121,1
02779.jpg,-0.375807,1
02781.jpg,-2.44819,0
02783.jpg,5.88153,1
02785.jpg,0.00249948,0
02787.jpg,-0.066978,1
02789.jpg,0.759658,1
02791.jpg,-2.60204,0
02793.jpg,0.801211,1
02795.jpg,4.22568,1
02797.jpg,-2.35197,1
02799.jpg,-0.779258,1
02801.jpg,0.352741,1
02803.jpg,-1.13367,1
02805.jpg,-0.756845,1
02807.jpg,-2.19197,0
02809.jpg,4.62449,1
02811.jpg,0.466331,1
02813.jpg,4.89266,1
02815.jpg,2.49539,1
02817.jpg,-2.31711,0
02819.jpg,-2.41322,1
02821.jpg,-2.46478,0
02823.jpg,-1.40918,1
02825.jpg,2.70315,0
02827.jpg,-0.378903,1
02829.jpg,-2.3582,0
02831.jpg,5.6887,0
02833.jpg,2.36412,0
02835.jpg,1.75239,1
02837.jpg,2.52951,0
02839.jpg,3.53448,0
02841.jpg,-1.77975,0
02843.jpg,-0.307171,1
02845.jpg,4.71378,1
02847.jpg,-0.697782,1
02849.jpg,5.64982,1
02851.jpg,-1.74931,1
02853.jpg,-0.868058,1
02855.jpg,0.538594,1
02857.jpg,-1.20924,1
02859.jpg,3.17014,0
02861.jpg,0.944674,1
02863.jpg,2.13986,1
02865.jpg,-1.9982,0
02867.jpg,-1.69056,0
02869.jpg,1.16678,1
02871.jpg,-0.960709,0
02873.jpg,-2.5853,0
02875.jpg,1.74083,1
02877.jpg,6.57381,1
02879.jpg,6.0105,1
02881.jpg,4.90208,0
02883.jpg,3.1902,0
02885.jpg,0.0579702,1
02887.jpg,1.28489,0
02889.jpg,6.98591,0
02891.jpg,1.8993,1
02893.jpg,2.71469,0
02895.jpg,-0.0449333,0
02897.jpg,-1.14201,0
02899.jpg,0.0949505,0
02901.jpg,2.7238,1
02903.jpg,-2.53213,0
02905.jpg,1.44185,1
02907.jpg,-0.988691,1
02909.jpg,-1.80709,0
02911.jpg,-2.11426,0
02913.jpg,-1.93161,0
02915.jpg,-2.823,1
02917.jpg,-1.42536,1
02919.jpg,4.06453,0
02921.jpg,3.97699,1
02923.jpg,2.15113,0
02925.jpg,-1.1582,1
02927.jpg,1.63071,1
02929.jpg,-0.542884,0
02931.jpg,1.30065,1
02933.jpg,-1.49302,1
02935.jpg,-1.38904,0
02937.jpg,-2.07986,0
02939.jpg,0.323956,1
02941.jpg,2.06894,1
02943.jpg,-0.783635,0
02945.jpg,-0.031784,0
02947.jpg,3.44819,0
02949.jpg,4.97357,0
02951.jpg,-2.04296,0
02953.jpg,2.5945,1
02955.jpg,-0.479657,1
02957.jpg,1.74392,1
02959.jpg,1.04673,1
02961.jpg,-0.272885,0
02963.jpg,3.14035,1
02965.jpg,0.063518,0
02967.jpg,1.51999,1
02969.jpg,-2.29765,0
02971.jpg,0.0950234,0
02973.jpg,-2.61826,0
02975.jpg,0.0112472,0
02977.jpg,-0.776063,0
02979.jpg,2.32505,1
02981.jpg,4.83636,1
02983.jpg,-2.28691,1
02985.jpg,5.46388,1
02987.jpg,-0.260479,1
02989.jpg,0.397952,0
02991.jpg,-1.9904,1
02993.jpg,-1.69923,0
02995.jpg,0.744271,1
02997.jpg,2.66348,0
02999.jpg,1.02664,0
03001.jpg,0.788966,0
03003.jpg,4.77533,1
03005.jpg,5.40236,1
03007.jpg,0.592204,0
03009.jpg,0.0767533,1
03011.jpg,0.375417,1
03013.jpg,3.00013,1
03015.jpg,0.201686,1
03017.jpg,0.083294,1
03019.jpg,0.289992,1
03021.jpg,0.285071,1
03023.jpg,2.51134,1
03025.jpg,-1.27989,1
03027.jpg,1.35749,1
03029.jpg,0.246547,0
03031.jpg,-1.60873,1
03033.jpg,1.48248,1
03035.jpg,1.29227,1
03037.jpg,-0.550447,0
03039.jpg,2.80886,0
03041.jpg,-1.4373,0
03043.jpg,3.69369,1
03045.jpg,0.897507,1
03047.jpg,-2.65622,1
03049.jpg,-0.816898,0
03051.jpg,-2.15139,1
03053.jpg,-0.198732,1
03055.jpg,-2.01473,0
03057.jpg,-2.62462,1
03059.jpg,-2.26308,0
03061.jpg,1.89366,1
03063.jpg,3.9453,0
03065.jpg,-1.61834,0
03067.jpg,1.84844,0
03069.jpg,0.759936,1
03071.jpg,-2.57528,1
03073.jpg,3.63499,1
03075.jpg,3.87976,1
03077.jpg,-1.46728,1
03079.jpg,3.33321,1
03081.jpg,6.9562,1
03083.jpg,2.79848,0
03085.jpg,0.832047,0
03087.jpg,4.96144,0
03089.jpg,0.232488,1
03091.jpg,3.75109,1
03093.jpg,-0.517902,0
03095.jpg,-2.43548,1
03097.jpg,4.7851,1
03099.jpg,5.02832,1
03101.jpg,2.84883,0
03103.jpg,2.95922,1
03105.jpg,-1.54846,1
03107.jpg,1.29749,1
03109.jpg,-1.29489,1
03111.jpg,-1.30806,1
03113.jpg,6.17414,1
03115.jpg,1.50806,1
03117.jpg,3.7059,1
03119.jpg,-1.21824,1
03121.jpg,-1.48054,1
03123.jpg,-2.26181,0
03125.jpg,0.615114,1
03127.jpg,1.52779,1
03129.jpg,-2.5115,0
03131.jpg,0.405569,1
03133.jpg,0.725458,0
03135.jpg,-2.58071,0
03137.jpg,-1.46916,1
03139.jpg,-0.499994,1
03141.jpg,-0.789624,1
03143.jpg,0.141369,0
03145.jpg,6.35723,1
03147.jpg,1.82318,0
03149.jpg,-0.302671,1
03151.jpg,-0.242289,0
03153.jpg,1.93814,0
03155.jpg,2.07155,1
03157.jpg,1.80253,1
03159.jpg,1.12034,0
03161.jpg,0.813808,1
03163.jpg,1.12156,1
03165.jpg,-1.95233,0
03167.jpg,3.28338,1
03169.jpg,1.16086,1
03171.jpg,3.86078,1
03173.jpg,-1.56119,0
03175.jpg,-0.863863,1
03177.jpg,5.72705,1
03179.jpg,7.38582,1
03181.jpg,1.44099,1
03183.jpg,3.59358,1
03185.jpg,1.6962,1
03187.jpg,-1.67376,0
03189.jpg,-0.872994,1
03191.jpg,6.93406,0
03193.jpg,0.14533,0
03195.jpg,2.06159,0
03197.jpg,2.67891,1
03199.jpg,-2.70016,1
03201.jpg,5.07445,1
03203.jpg,8.41752,1
03205.jpg,5.40275,1
03207.jpg,-0.498051,1
03209.jpg,2.88857,1
03211.jpg,3.93875,1
03213.jpg,-2.04815,0
03215.jpg,-2.11846,1
03217.jpg,-1.27329,1
03219.jpg,-0.526974,0
03221.jpg,-1.56841,1
03223.jpg,0.0240824,0
03225.jpg,0.111503,0
03227.jpg,0.736783,1
03229.jpg,2.96373,1
03231.jpg,3.79618,1
03233.jpg,-0.857515,0
03235.jpg,7.87161,1
03237.jpg,0.867304,1
03239.jpg,0.774075,0
03241.jpg,-2.60474,0
03243.jpg,-1.88475,1
03245.jpg,1.90839,1
03247.jpg,3.8866,0
03249.jpg,-1.16949,0
03251.jpg,-2.10077,1
03253.jpg,-0.850659,1
03255.jpg,-0.997295,0
03257.jpg,-1.62556,1
03259.jpg,1.30091,1
03261.jpg,-1.88967,1
03263.jpg,-1.67755,1
03265.jpg,-0.435911,0
03267.jpg,-2.49417,0
03269.jpg,-2.13087,1
03271.jpg,-0.954224,1
03273.jpg,1.94304,1
03275.jpg,7.04929,1
03277.jpg,-2.48473,1
03279.jpg,1.01532,1
03281.jpg,-0.695389,1
03283.jpg,-0.994138,1
03285.jpg,0.214129,1
03287.jpg,-2.22382,0
03289.jpg,-0.247872,1
03291.jpg,2.12266,1
03293.jpg,-1.88927,0
03295.jpg,-2.55367,0
03297.jpg,-0.839048,0
03299.jpg,-0.934086,1
03301.jpg,-1.06278,1
03303.jpg,-0.923305,1
03305.jpg,-1.85909,0
03307.jpg,-1.72927,0
03309.jpg,1.72055,1
03311.jpg,-0.0339658,1
03313.jpg,-0.351672,1
03315.jpg,-0.362394,0
03317.jpg,-1.55898,0
03319.jpg,4.64624,0
03321.jpg,1.04795,1
03323.jpg,7.93768,0
03325.jpg,1.93249,1
03327.jpg,-2.6737,0
03329.jpg,3.58651,0
03331.jpg,0.384874,1
03333.jpg,-2.48278,1
03335.jpg,0.0807834,0
03337.jpg,1.08634,0
03339.jpg,4.62674,1
03341.jpg,0.246395,1
03343.jpg,2.10647,0
03345.jpg,0.133736,1
03347.jpg,5.05632,1
03349.jpg,4.31605,0
03351.jpg,-2.1379,0
03353.jpg,3.09104,0
03355.jpg,1.01413,0
03357.jpg,2.40662,1
03359.jpg,-1.47836,1
03361.jpg,0.286929,1
03363.jpg,2.64556,1
03365.jpg,0.934414,0
03367.jpg,-2.07732,1
03369.jpg,-2.62763,1
03371.jpg,-2.49215,1
03373.jpg,0.723661,0
03375.jpg,4.84713,1
03377.jpg,2.28505,0
03379.jpg,5.9652,0
03381.jpg,6.76719,0
03383.jpg,4.76234,0
03385.jpg,-1.66843,1
03387.jpg,0.0203539,1
03389.jpg,-0.915603,1
03391.jpg,-1.7992,1
03393.jpg,-2.81324,1
03395.jpg,-0.7636,1
03397.jpg,-1.26505,0
03399.jpg,-1.1297,0
03401.jpg,0.625329,0
03403.jpg,2.22774,0
03405.jpg,3.09437,1
03407.jpg,-0.465238,1
03409.jpg,0.658795,1
03411.jpg,2.93539,1
03413.jpg,5.78384,0
03415.jpg,-1.09102,1
03417.jpg,0.0973093,0
03419.jpg,-0.0973946,1
03421.jpg,-0.0259848,0
03423.jpg,-1.46726,0
03425.jpg,-2.32018,1
03427.jpg,3.09032,1
03429.jpg,0.109684,1
03431.jpg,-1.66008,1
03433.jpg,-1.62039,0
03435.jpg,-0.428859,1
03437.jpg,3.65716,1
03439.jpg,1.52763,1
03441.jpg,3.42158,1
03443.jpg,-0.775956,1
03445.jpg,0.616137,1
03447.jpg,6.22104,1
03449.jpg,3.83258,1
03451.jpg,2.62019,0
03453.jpg,-2.53513,0
03455.jpg,1.39628,1
03457.jpg,3.26474,1
03459.jpg,-1.28081,0
03461.jpg,0.271841,1
03463.jpg,-1.15404,0
03465.jpg,-0.939794,0
03467.jpg,1.04119,0
03469.jpg,5.37692,1
03471.jpg,-2.4955,0
03473.jpg,-1.51319,1
03475.jpg,2.13716,1
03477.jpg,5.12514,0
03479.jpg,-2.28099,0
03481.jpg,5.45619,0
03483.jpg,-0.377005,1
03485.jpg,1.221,1
03487.jpg,-0.32227,1
03489.jpg,-1.10648,1
03491.jpg,-1.22087,0
03493.jpg,1.60573,0
03495.jpg,1.51371,1
03497.jpg,3.14979,1
03499.jpg,1.77432,0
03501.jpg,-0.348747,0
03503.jpg,4.12917,1
03505.jpg,-2.74565,0
03507.jpg,-2.21688,0
03509.jpg,-1.96895,0
03511.jpg,-1.36168,1
03513.jpg,-2.77251,1
03515.jpg,0.759527,0
03517.jpg,-1.84457,0
03519.jpg,-2.15986,1
03521.jpg,3.94845,1
03523.jpg,-0.501515,1
03525.jpg,3.02254,1
03527.jpg,-0.978053,1
03529.jpg,4.74596,1
03531.jpg,1.52085,0
03533.jpg,3.24707,1
03535.jpg,-1.15418,1
03537.jpg,-0.969168,1
03539.jpg,1.77424,0
03541.jpg,-2.48456,0
03543.jpg,3.02251,1
03545.jpg,0.401064,0
03547.jpg,5.21531,0
03549.jpg,-2.05601,0
03551.jpg,5.3214,1
03553.jpg,0.0684287,1
03555.jpg,0.358546,1
03557.jpg,-2.46934,0
03559.jpg,-1.76715,0
03561.jpg,-1.93408,0
03563.jpg,0.217309,1
03565.jpg,-0.350105,0
03567.jpg,1.38641,1
03569.jpg,0.144071,0
03571.jpg,-1.06814,0
03573.jpg,-2.19076,1
03575.jpg,-1.88569,1
03577.jpg,-2.50568,1
03579.jpg,-0.759138,1
03581.jpg,-0.12876,1
03583.jpg,0.635505,1
03585.jpg,1.16045,0
03587.jpg,-1.45318,1
03589.jpg,5.12783,1
03591.jpg,0.428465,1
03593.jpg,1.74606,0
03595.jpg,-0.191925,1
03597.jpg,-0.364079,1
03599.jpg,-0.599237,0
03601.jpg,-1.81457,1
03603.jpg,-0.370135,1
03605.jpg,1.01668,0
03607.jpg,3.05513,1
03609.jpg,4.85837,1
03611.jpg,3.72222,1
03613.jpg,-1.53076,1
03615.jpg,-0.829824,0
03617.jpg,5.12506,1
03619.jpg,1.81538,1
03621.jpg,-2.00233,1
03623.jpg,-0.389032,1
03625.jpg,2.38643,1
03627.jpg,-0.304052,1
03629.jpg,2.98316,1
03631.jpg,2.22562,1
03633.jpg,6.8686,1
03635.jpg,1.75017,1
03637.jpg,6.17511,1
03639.jpg,-2.05205,0
03641.jpg,-0.486217,1
03643.jpg,-2.68958,0
03645.jpg,-2.14363,0
03647.jpg,-2.53648,0
03649.jpg,-0.672801,1
03651.jpg,1.18423,1
03653.jpg,-1.75763,1
03655.jpg,-2.57862,0
03657.jpg,3.52849,1
03659.jpg,0.493401,0
03661.jpg,-2.00866,1
03663.jpg,-0.592674,0
03665.jpg,-1.00709,0
03667.jpg,2.1995,1
03669.jpg,0.680831,0
03671.jpg,5.9243,1
03673.jpg,-1.74375,1
03675.jpg,-0.499538,1
03677.jpg,3.56629,1
03679.jpg,-1.99989,1
03681.jpg,5.64569,1
03683.jpg,0.254759,1
03685.jpg,1.89374,1
03687.jpg,2.98604,1
03689.jpg,4.56026,1
03691.jpg,1.84703,1
03693.jpg,-2.81776,1
03695.jpg,-0.454593,0
03697.jpg,-2.64353,0
03699.jpg,0.992025,1
03701.jpg,-1.01041,0
03703.jpg,1.95256,1
03705.jpg,8.68331,1
03707.jpg,9.39251,1
03709.jpg,5.99926,0
03711.jpg,-0.494006,0
03713.jpg,2.49296,1
03715.jpg,0.111102,0
03717.jpg,0.603635,1
03719.jpg,-0.6437,1
03721.jpg,1.63492,1
03723.jpg,4.51122,1
03725.jpg,-0.701708,1
03727.jpg,-1.27405,1
03729.jpg,-0.488996,1
03731.jpg,-1.86472,1
03733.jpg,-1.13611,0
03735.jpg,4.71678,1
03737.jpg,-1.1162,1
03739.jpg,-1.1996,0
03741.jpg,2.68887,1
03743.jpg,-1.89055,1
03745.jpg,-2.08034,1
03747.jpg,-2.66554,1
03749.jpg,0.670793,1
03751.jpg,-0.278804,1
03753.jpg,5.30799,1
03755.jpg,-2.18766,1
03757.jpg,-0.8005,1
03759.jpg,-1.15733,1
03761.jpg,-1.21265,1
03763.jpg,-2.12295,1
03765.jpg,0.0545353,1
03767.jpg,-0.00615696,1
03769.jpg,-2.04815,1
03771.jpg,-2.0962,1
03773.jpg,-0.190472,1
03775.jpg,0.134326,1
03777.jpg,6.31816,1
03779.jpg,0.662053,0
03781.jpg,-1.6879,0
03783.jpg,-2.73871,0
03785.jpg,2.76697,1
03787.jpg,0.667632,0
03789.jpg,3.00799,0
03791.jpg,1.34311,0
03793.jpg,5.58819,0
03795.jpg,-0.225356,1
03797.jpg,-2.0986,1
03799.jpg,0.160704,1
03801.jpg,4.48088,1
03803.jpg,6.13076,1
03805.jpg,0.290347,1
03807.jpg,2.05542,0
03809.jpg,-0.0580902,1
03811.jpg,-2.2282,1
03813.jpg,-1.88261,1
03815.jpg,0.603924,1
03817.jpg,-0.693163,1
03819.jpg,-0.985532,1
03821.jpg,-2.01085,1
03823.jpg,4.71148,1
03825.jpg,3.21972,1
03827.jpg,-2.13899,1
03829.jpg,0.9368,1
03831.jpg,1.22485,1
03833.jpg,-0.396942,1
03835.jpg,-1.41004,1
03837.jpg,3.4098,1
03839.jpg,2.7242,1
03841.jpg,0.505906,1
03843.jpg,2.00086,1
03845.jpg,0.1583,1
03847.jpg,-1.79199,0
03849.jpg,2.14561,1
03851.jpg,1.51636,0
03853.jpg,1.29573,1
03855.jpg,4.08187,1
03857.jpg,0.132156,0
03859.jpg,-0.793317,0
03861.jpg,2.5303,1
03863.jpg,2.89673,1
03865.jpg,3.44134,1
03867.jpg,2.46009,0
03869.jpg,-1.56636,0
03871.jpg,1.41097,1
03873.jpg,-0.717668,1
03875.jpg,-0.454482,1
03877.jpg,-0.0293516,1
03879.jpg,2.6075,1
03881.jpg,1.76238,1
03883.jpg,-0.34589,1
03885.jpg,4.45048,1
03887.jpg,1.86311,1
03889.jpg,5.61024,1
03891.jpg,2.63099,1
03893.jpg,2.78041,1
03895.jpg,0.0365,1
03897.jpg,3.6595,0
03899.jpg,3.13586,1
03901.jpg,3.81563,1
03903.jpg,2.89932,1
03905.jpg,1.02047,1
03907.jpg,1.97064,1
03909.jpg,4.17377,1
03911.jpg,3.62538,1
03913.jpg,-0.728217,1
03915.jpg,1.59875,1
03917.jpg,0.686197,1
03919.jpg,-0.974203,1
03921.jpg,1.64856,0
03923.jpg,4.86089,1
03925.jpg,4.2255,1
03927.jpg,3.71721,1
03929.jpg,-0.56325,1
03931.jpg,-2.48497,0
03933.jpg,0.71655,1
03935.jpg,0.59556,1
03937.jpg,3.05065,1
03939.jpg,-2.72108,1
03941.jpg,1.34754,1
03943.jpg,3.015,1
03945.jpg,0.704882,1
03947.jpg,4.30092,1
03949.jpg,0.257515,1
03951.jpg,1.59857,1
03953.jpg,2.51642,1
03955.jpg,-0.406292,1
03957.jpg,-0.118819,1
03959.jpg,0.340174,1
03961.jpg,-0.569669,0
03963.jpg,-1.52125,1
03965.jpg,1.87977,1
03967.jpg,-0.0720742,1
03969.jpg,1.24675,1
03971.jpg,1.05483,0
03973.jpg,-1.48775,1
03975.jpg,-0.517422,1
03977.jpg,-1.49103,1
03979.jpg,1.31283,1
03981.jpg,-0.121718,0
03983.jpg,2.14051,1
03985.jpg,3.36677,1
03987.jpg,2.06822,1
03989.jpg,0.304792,1
03991.jpg,5.07303,0
03993.jpg,0.199651,1
03995.jpg,3.18454,1
03997.jpg,0.344311,1
03999.jpg,5.94873,1
04001.jpg,-1.75551,1
04003.jpg,2.29197,1
04005.jpg,4.51857,1
04007.jpg,2.58814,1
04009.jpg,9.41666,1
04011.jpg,0.979753,1
04013.jpg,2.81968,1
04015.jpg,0.932197,1
04017.jpg,2.79072,1
04019.jpg,-0.438105,1
04021.jpg,2.71024,1
